bldg_id,emis_red_pred,actual_emiss_red,bill_red_pred,actual_bill_sav,burden_red_pred,actual_burd_red,elecsav_pred,actual_elec_save,total_score
166126,-1.1160928592568242,-1.2254592940165911,1.9757536638448085,1.488151004029353,4.0161958485906215,2.7870332283716044,1.469194861756506,1.7033739673830588,1.586262878733778
161294,-0.7255293652193732,-1.7374468015078113,2.7799552067368505,5.455224635994336,2.2115976853874857,2.375216224242195,1.9736361176086037,4.94716455937031,1.5599149111283916
490042,-0.829085702845813,-0.9776498086721424,1.9472729018740225,3.159050655586276,3.48993245909001,2.2675875381351176,1.543481995933224,2.866406941553949,1.5379004135128609
411128,-1.4789201741625435,-0.7383782637048013,1.55799761843206,5.014977740588115,4.130285144147017,6.377671362982691,1.6169832432338047,4.158154069389852,1.4565864579125847
132375,-1.4779636595997132,-1.2753818368750398,1.686426062241332,1.0238687913125109,3.769405430589358,5.21972333116063,1.5878689155990473,1.3802553857720137,1.391434187207506
458545,-0.8081902772335845,-1.396566792239272,2.6269506903077375,2.443510357279696,1.747916807886753,1.0830093290994875,1.9222780605769452,2.5752850987070888,1.3722388203844629
294838,-1.4821460519621557,-1.016095446846309,1.4413569669880681,2.788417160687115,3.7476178258431716,4.067061263126796,1.5799366524498168,2.608493835151734,1.3216913483297252
162319,-1.3802042909875543,-1.240492843642095,1.333328895248445,1.2499343035729682,3.3938504880419615,3.8014667243368914,1.4740861448893594,1.5375726846959217,1.2052653092980528
1979,-1.5900572642582682,-1.259352028162359,1.3022957470463379,1.1477842050028255,2.6902345149499824,1.4420752364650449,1.6110169998054293,1.4665496206208757,1.0033724993858704
500603,-1.72224395179145,-1.2266946552846916,1.185441719419505,1.4026920980360302,3.1889026834234713,1.8898298425743905,1.3048497346817176,1.643986081040444,0.989237546433311
283662,-1.2714031245928488,-0.978885169940242,2.2933713494304633,3.275488415002177,0.9927614152374425,1.22432969091949,1.7206065284316268,2.947610786144872,0.9338340421266709
39344,-0.9181100210572186,-1.2701813644399746,2.466810220323961,1.174045014657024,0.11204628116398527,-0.1744630733901173,2.0473767981801876,1.4847295858277991,0.9270308196527288
35021,-1.471366983168647,-1.3440838635267771,1.2851003392021405,1.2919070891728135,2.2551757350266515,1.3494093267460872,1.5352227125162996,1.6136861390289066,0.9010329508941111
465598,-1.0170930634736803,-1.1862963492996572,2.402846376302418,1.6807896212893,0.3481150501178256,-0.0412700641401805,1.8242146123498806,1.8374209108421065,0.889520743824111
212284,-1.7028976654160914,-1.845630575784381,1.6040735641470771,1.1191198636175657,1.680167507283703,1.0321132229048395,1.6824208122234088,1.7045859650635198,0.8159410545595244
156254,-1.598776639420891,-1.1481794766242586,2.5682455848879147,2.7324682831696148,0.05420977198459735,-0.0677910208357032,2.2177647816289845,2.6269161998947497,0.8103608747701514
363948,-1.6165948798454377,-1.3699965623842572,2.472675622382183,1.9834120701687747,0.05420977198459735,-0.1470016037560167,2.2177647816289845,2.1663570813193656,0.7820138240375818
190991,-1.3925349847976332,-1.183327497219869,2.045590664176025,1.502082586100139,0.8395144790855483,0.6388921315561936,1.612770951145329,1.7133123483628436,0.7763352774023173
275673,-1.37812553823205,-1.1697385232707729,1.8523147250824328,1.6386833061488402,0.6671578907005077,0.6948111913771908,1.6230435777356165,1.8080905669749363,0.6910976638216266
275009,-1.3790137993159506,-1.3726864619196335,2.037422209984889,0.3517701035525326,0.12651438360270223,-0.1459941787973648,1.9141290476226915,0.9124242811138622,0.674762960473583
113021,-1.2828161032146856,-1.1202642970015542,1.8867943288957882,2.1697747990198364,0.47313799687153013,0.5752952898812984,1.5894277187277661,2.1779922590517966,0.6666359853200997
310897,-1.3030206651787368,-1.2658277122290114,1.7963315268219424,1.590523651833853,-0.08470723572043241,-0.1289203929315744,1.8123726479625126,1.8063937702222892,0.5552440684713215
369093,-1.7367781057533944,-1.3062260182140448,1.717527332276202,0.8229958523813331,0.4101971292931745,0.3402654810500639,1.8187550847243514,1.2517836316430913,0.5524253601350834
499906,-1.2060092395340434,-1.031587275651915,1.649939376186886,2.6429144712641097,-0.11984734036508297,0.5558895932227241,1.6997235763323872,2.5071708290651515,0.5059515931550367
114455,-1.0867358649348227,-1.4361780535454354,1.374688596632289,-0.2216502536932797,0.14025308731884356,-0.3442160836007809,1.5887082821971452,0.513434644705923,0.5042285253033638
241531,-1.0435883299205715,-1.1128720545747,1.516298391106332,2.199952475198728,0.012622117969326323,0.4259061474923519,1.512603847986681,2.1988386191557363,0.4994840067854419
408407,-1.7517755066615235,-1.5042424743813805,1.7742085999390034,2.7571267383364337,0.055563995441696455,0.0353492187753618,1.9022645124567767,2.8203510296964107,0.49506540029398827
56492,-1.4773331054529817,-1.0730715040419714,1.6867602295385706,2.3156780770646823,0.125054144034406,-0.0591790461526901,1.6236968868793435,2.279557664674474,0.4895445387498346
183261,-1.535039539202944,-1.2638949695998862,1.5966851710960195,0.9230984979953863,0.3235047096753955,0.2993543329973523,1.529735182251503,1.3102019198413373,0.47872138095499356
171196,-1.8299223233907116,-1.2766968988701135,1.920847414066164,0.9080096599059402,0.08900988960376478,-0.1556972985877526,1.707123637953104,1.299778739789369,0.4717646545580803
6283,-1.7728274491003322,-1.1908691785098002,1.302535297558706,1.5391592885441172,0.8534423774563004,0.7279909884013375,1.4807593427635064,1.73900669918863,0.46597739216954515
429595,0.557662483627642,0.6437220053452155,-0.26060866992319137,-0.2411010567761362,1.8714341571376472,0.0307520932142487,-0.39069134739055533,-0.4515579084775497,0.4444491558628856
343922,-1.5840555190921828,-1.0517515595763802,1.4561807584823414,2.4638958671468503,0.203685699968638,0.0383009792443726,1.6490234668528714,2.382577467513705,0.431208601552917
26870,-1.5666678161188106,-1.2050459453203313,1.371170925303506,1.4841451178109155,0.32031118460068314,0.6639570648079021,1.4001408588027784,1.7007075724860452,0.38123878814703926
38513,-1.7856411622172859,-1.4491493468604804,1.5130055406927463,-0.0729428552955264,0.05387422646926553,-0.186540541270801,1.7120347106093912,0.6280896252775857,0.3733183288885293
314840,-1.3798977120822902,-1.0745559300818657,1.267606316519172,2.436121722699022,0.24088048841771376,0.433808686069197,1.3510686149518196,2.363427904162412,0.3699144269516038
107198,-1.7598137485079703,-1.0800054672887247,1.3927068016356448,2.4316262281649994,0.061195647116239184,0.090287119316541,1.7145773668713526,2.360276710193212,0.35216651677881655
161280,0.7159142688042279,0.3688939735565214,-0.2597976189474215,-0.3177025032420253,1.6030177833914445,0.1098487104992917,-0.821653401709102,-0.3875644309491801,0.3093702578847872
37850,-1.748375756154767,-1.1765728606088075,0.7208603162528108,1.3119810301118706,0.9221508981292875,0.8443252162039784,1.3087932594498215,1.5809622016564455,0.30085717941928813
439254,0.7098074876087493,0.0196354253648208,-0.35853902096909634,-0.3792596214653393,1.3966353124787392,0.1701294423533491,-0.5510314791865953,-0.2758182448106277,0.2992180749829492
506778,-1.8985317417292455,-1.2509635266483277,1.1430690301441966,1.154193622952327,0.2975854257314116,0.1385579346438069,1.6403611888346483,1.4709128122705373,0.29562097574525276
34495,1.2032845677478528,0.6410321058098363,-0.42430760165803855,-0.189514144252042,1.0247224656375387,0.2399014732320134,-0.775725601398151,-0.4113195854862266,0.25699345758230047
194525,-1.8447146592098491,-1.2124680755198016,0.8023631986665889,1.3850661986749075,0.6395156451538175,0.7289982041797389,1.3997587968427223,1.6316237046997375,0.2492307453633199
215284,-1.7561742638245659,-1.3772792163115206,1.0153859147972897,0.2062229042826575,0.03627730740802778,0.0483907790606667,1.41250859176413,0.8111012750272775,0.1769993875362204
306445,-1.43234068112465,-1.3157402924965869,0.9829735182006406,0.7691389376667913,-0.24479671615650986,-0.1761282653775021,1.3391288485509232,1.2030613248885385,0.16124124236760098
136896,1.379908103174985,1.3980694609740243,0.017423927862458995,0.0039256502515913,-0.46906563498112375,-0.2016373397043643,-0.29735001828706337,-0.6081480087931797,0.1577290944423142
307647,-1.8819771414927355,-1.3702954401104088,1.0803080206701818,0.2591451122128962,-0.20595844230637003,-0.3269335363657516,1.5985855376870501,0.8479460045133083,0.1477394936395316
56081,-1.6350075177182017,-1.3053194224447136,1.0326495220463547,0.9510061719838294,-0.1176678952034845,-0.0214451628437553,1.2295350818636894,1.3295938827287217,0.12737729774708947
37245,0.5898435120097494,0.4618847967536392,-0.38465915952879937,-0.2939787548595045,0.7121604117223774,0.6098935402206781,-0.45034649298392376,-0.4110771859501341,0.11674956780485092
180718,0.8030381736198041,1.1927603882885534,0.05636083444401764,-0.0401390981512155,0.03490551420476374,-0.1753973295781205,-0.4300562819581667,-0.5458513280174572,0.1160620600776047
120884,-1.480185784143646,-1.3439742750271877,0.9530331933006836,0.6510543139166444,-0.2998122285434143,0.0577256154849786,1.2634791392019546,1.1206454826171532,0.10912857995389447
35502,1.3173313359757188,0.6982771529590378,-0.036567687607430926,-0.0961324855155914,-0.4158701063910047,-0.2558019098560104,-0.46415323300687217,-0.3696268652783497,0.10018507724260275
53475,0.704798566041448,1.4211627466147911,-0.465874280923445,-0.0422310609541781,0.9189751009034978,0.1151861864256865,-0.7954815146244777,-0.6561431169394568,0.09060446784925577
150192,0.21912485734964637,0.6391989890894307,-0.30394999495903235,-0.1767843280467872,0.9257140836313823,0.4473744725424108,-0.4842547410872866,-0.4023508026508111,0.08915855123367744
183956,1.8067765357566554,1.7347651820764198,-0.1388123544958265,-0.1100640675863762,-0.6744743354648567,-0.3409440700026146,-0.6622950277400176,-0.8520019421020407,0.08279870451398869
197168,0.6167487831491872,0.9516059136464466,-0.4862830931694555,-0.4012029759729989,0.825186590217532,0.6407924531424747,-0.6358490878311694,-0.7131070079211488,0.07995079809152358
281078,0.6779258017741656,-0.6680523347409636,-0.5635164575136118,-0.6867781535006833,0.7155141620159202,-0.2624418332745369,-0.5692138947109975,-0.200916788158104,0.06517740289136914
471559,1.622420085541333,1.6436473259631983,-0.05300160209151358,-0.2809818795730199,-0.49285031616363545,-0.2813947499523173,-0.8369595457216821,-0.9387809760230874,0.05990215539112548
377505,1.9017280057976347,1.8820720507064397,-0.2787283176563231,0.0173676240067929,-0.627798685810945,-0.250939387549619,-0.8230350455706822,-0.8144300140077321,0.043041489189921095
299851,0.29927728343336696,-0.1389291709502975,-0.4489894600284135,-0.380238838096513,0.8551045298878912,0.4606922003473227,-0.5489696574799743,-0.2026135849107504,0.039105673953217596
460150,1.3013423303414184,0.810067385131187,-0.5880898708656876,-0.2686526519896065,0.17862655138022424,-0.1162647522254715,-0.7790317802774315,-0.5477905243061951,0.028211807644630882
256835,0.5546665231375033,0.8877556687492634,-0.6647065491026497,-0.3128509299330287,0.886333126519068,0.0979785761405827,-0.7333789081343365,-0.6146927962676717,0.01072854810489629
389894,1.670317505119093,1.1069326679282394,-0.18487534903929534,-0.1516362645643761,-0.7585377940900635,-0.3536870909041592,-0.7028801185890753,-0.5921496394110872,0.006006060850164724
214219,1.6581888886289788,0.4728735344852048,-0.21652653735814775,-0.2765754047327382,-0.6226027404678615,-0.3834560281922445,-0.8381551222454128,-0.4018660035786256,-0.004773877860610787
154818,0.12163373074455047,-0.6250936429018851,-0.48219268837054796,-0.6639446020555921,0.9614210480925377,0.0032905452161264,-0.653085251560403,-0.2004319890859196,-0.013055790273465678
128532,0.522603220660771,-0.4934180793496788,-0.5171486531901732,-0.6367490856170929,0.5287149144974281,1.4640912164574225,-0.6039194648531092,-0.2382463167163184,-0.017437495721270818
58669,0.6377683484358566,0.0493438713444444,-0.5766475768767116,-0.5457264487648309,0.6037085707378649,0.46415279853843,-0.7425247711485614,-0.4171371743524422,-0.01942385721288789
360967,0.07458760419246903,-0.8231100990692181,-0.6414887952380133,-0.7135285714704668,0.8742348625722576,-0.2819445299323756,-0.40055789163521843,-0.1471040911456116,-0.02330605502712628
200664,1.1077155740609652,0.2764012799029927,-0.09068265550463221,-0.3524201838018109,-0.5387554883474591,-0.3791614917578205,-0.5771514492742361,-0.3742324564641036,-0.024718504766340577
333784,1.4856042665835756,0.3367347302224415,-0.2297222629032149,-0.3101803391207378,-0.7365612466632201,-0.352137495874697,-0.6854060840108681,-0.3696268652783497,-0.041521331748431894
469521,1.4548324776483637,1.3245156525677324,-0.32990027907970976,-0.1149601507422432,-0.4829271049128165,-0.3622197889910194,-0.8327083087132161,-0.6626879044139485,-0.047675803764344715
180026,0.7980323821043926,0.5369031060180806,-0.43277484852567677,-0.5884113919146188,0.14320594433135236,-0.3358603040167592,-0.7106940216365363,-0.6685054932801641,-0.050557635931616995
319404,1.471360501867183,2.445725554458666,-0.33671838123429704,0.1390575453535337,-0.612556835803849,-0.3417747489523123,-0.7352532309226426,-0.9763529041173944,-0.05329198652340145
345757,0.42584184017969506,-0.4981403474228972,-0.6623156770888571,-0.6392861468887693,0.7377527175990509,0.0700368161622411,-0.7883138619588949,-0.2423671088298883,-0.07175874531725149
147180,0.6287774056834359,0.7856789626770903,-0.3560179413527199,-0.1454493958492361,0.08100742030890921,-0.0553661474282392,-0.6897694931680061,-0.443316324250411,-0.08400065213209522
321982,0.8245182177658389,0.3127746991758309,-0.10141702943021816,-0.002394748004165,-0.6108899756123495,-0.194982163646949,-0.45325059930542755,-0.3267221473900123,-0.08525984664553907
338565,1.3398580976566221,0.7168374597531483,-0.40813423160908535,-0.1231944724134763,-0.6446332854933855,-0.3308195689832343,-0.6508831991211932,-0.3970180128567795,-0.09094815464176048
65735,0.90968306501343,1.2674399694633545,-0.3669757759412004,-0.7362731032218149,-0.10617134286214447,-0.4050088234717778,-0.8089439995453345,-1.1387605932992402,-0.09310201333381235
170615,1.2295006697316377,1.0957147906066234,-0.39443210182765504,-0.3655950984757816,-0.5627517511689685,-0.3227595671649996,-0.6539383052167946,-0.7538301299846561,-0.09540537212044511
44924,1.314552883344747,0.0943150065396213,-0.25801664366683397,-0.3513074376300248,-0.7348754844263512,-0.3594265379805985,-0.7440509952796311,-0.2859990253265042,-0.10559756000701734
517942,1.3776840430182964,-0.24802950358707,-0.3968831975501383,-0.4282204530240132,-0.7813857171237965,-0.3782037641297601,-0.6458092689360267,-0.19437200068361,-0.11159853514791629
520464,0.7518840700726811,0.6775151135822646,-0.42643987744946754,-0.2384304659638443,-0.10117130980870491,-0.1315907472617893,-0.6721102530215699,-0.4709498713649338,-0.11195934255176532
371912,0.07458760419246903,0.1018068748751931,-0.6749875336428838,-0.3570046980295785,0.5379725482860849,0.0783730618115219,-0.415782486683184,-0.2949678081619186,-0.11955246696187848
406293,1.4146941487250908,2.394497912196016,-0.4703745059208765,0.1129302652399491,-0.5061772712061482,-0.344544678056865,-0.921309552262155,-0.9809584953031488,-0.12079179516602223
2277,0.7231284781986249,0.2244563310975747,-0.10912303921953369,-0.025851437305457,-0.5725232665377835,-0.1728808603943483,-0.5503811739437116,-0.2973918035228424,-0.12722475037560096
480125,0.6137646253050636,0.7112085959105974,-0.043568188409913416,-0.2426143915697666,-0.8199212870264346,-0.21650022469341,-0.33184551782921934,-0.4854938435304727,-0.14539259199012594
489624,-0.14689525219524202,0.0738618074798738,-0.5077246025824611,-0.4583091095091618,0.565458636526555,0.0879040689230759,-0.5029816541462696,-0.3601732833707503,-0.14803571809935442
235078,0.7800706798105213,0.3708267161856447,-0.25646194930317423,0.2891892588511734,-0.4695521027419794,-0.298544907973193,-0.6523909982196904,-0.3744748560001966,-0.14958359261358067
161042,-0.004401406321138813,-1.0106757974120657,-0.8354345407905123,-0.8907222718659963,0.762950489475466,-0.6530096155411605,-0.5267355107030461,-0.1965535965084431,-0.15090524208480782
399547,0.11817787925414533,0.2231313065116294,-0.1782855061880025,-0.021890060933891,-0.11322030317321513,-0.1189837092719686,-0.4516074441109454,-0.0952305904218582,-0.15623384355450443
172432,0.061073173475818164,1.2775420366073305,-0.6239361133032489,-0.1269332995506827,0.3938671589854253,0.1107059796550933,-0.4670848919131568,-0.6525071238980724,-0.15902016818879056
458342,0.8695449443606386,0.7125734708600293,-0.288083787858412,-0.2475994944193776,-0.7519495870922925,-0.2073562297863642,-0.46577579346909465,-0.4925234300771488,-0.15906605601479018
433056,0.9451229163137342,1.2621797214830586,-0.35934839051549616,-0.1305385971472757,-0.5709634160001075,-0.3219034886412217,-0.6560275008703633,-0.6498407290010562,-0.16030409776805818
543942,0.9309013086277019,0.6481155079196654,-0.2817726210647499,-0.305951903667944,-0.7755274245949026,-0.32506726042029,-0.5345745630380461,-0.5022194115208417,-0.16524332501749917
172070,0.822737042965634,1.3237485330706087,-0.4783933751094391,0.1432414709594529,-0.21091507232612838,0.1235390243583054,-0.8114025508460698,-0.4719194695093026,-0.16949348882900084
150672,0.8517052390797683,-0.0959007409751177,-0.7352887792075431,-0.5104746500425833,-0.1650424059665025,-0.3127773209158048,-0.6895839215703805,-0.3228437548125335,-0.18455246691616445
162327,1.2751168508366746,0.3686150210121117,-0.6673379412128189,-0.3912327702737789,-0.6894497992088906,-0.1914196587922485,-0.6714756538979834,-0.4440435228586876,-0.18828663587075456
471990,1.177409140335217,1.3698354784434246,-0.5038727522333372,0.0689100266840105,-0.7196277565425129,-0.3216016278430542,-0.7330159623632924,-0.550456919203211,-0.19477683270098137
49519,0.5193528382131553,0.3971379186779958,-0.3496410490590273,0.0584947225160758,-0.5293562573327604,-0.2929637980511369,-0.4272383346581223,-0.1131681560926893,-0.19672070070918868
327348,1.1501841277021216,0.5182431733152505,-0.6864288879973007,-0.3232662341009655,-0.5340030557141863,-0.2996382997829122,-0.7559770430801384,-0.4590722940964101,-0.20655621477237593
236208,-0.1687984051837616,-0.7185228200973603,-0.694631173473617,-0.680324225704312,0.5189574156199004,4.691213877030367,-0.5328386581888911,-0.1696472480021965,-0.21932770530659235
473848,1.257371491728833,1.7320952077227862,-0.651350115336927,-0.0278988902615471,-0.6795980707620898,-0.3128430922116229,-0.819771604106483,-0.787523665501486,-0.2233370746191667
228656,1.129168784181547,2.459962096814427,-0.60085993865976,0.5509961781494636,-0.6513325661145318,-0.2973727253046536,-0.8084657678541464,-0.6854734608066271,-0.2328723721117228
378522,0.47248358544780433,1.0690050844794063,-0.47418962754114297,-0.0739220719267011,-0.4583840425040825,-0.2686557064566323,-0.47947352868175636,-0.5182177809029329,-0.23489090331979437
385063,0.7644026761602453,0.085777066162513,-0.589970813831723,-0.4958754202687254,-0.5331749698710068,-0.2669242834823384,-0.5854112945917082,-0.3895036272379191,-0.23603860053354817
59850,1.154013227634143,0.6221430335169585,-0.8324588360747605,-0.2660710808710605,-0.5496617591504578,-0.1497847198597445,-0.7718252344020758,-0.4624658876017038,-0.24998315049828776
503455,1.04011331695278,0.9172549003205795,-0.5538233092414889,-0.3663517658725997,-0.6829544772003501,-0.3655789432616195,-0.831100526261397,-0.6743230821463796,-0.25694124893761394
264166,0.8617608678624068,-0.2176934143825255,-0.5684118397325021,-0.4573298928779882,-0.6589962404695053,-0.3815528586114804,-0.6643127241935018,-0.226368739447797,-0.2574899841332756
493538,0.5193528382131553,-0.0088376593467029,-0.5688601935807482,-0.4631606828181573,-0.582270077445443,-0.3792505237080139,-0.4928600601439845,-0.324298152029089,-0.2811593732392551
227064,0.19994711385695046,-0.0060780216752227,-0.37227021820845985,-0.4646740176117897,-0.5098013458565751,-0.3909205686082903,-0.4703461949698931,-0.3259949487817342,-0.2881176612944944
415490,0.37698983001687264,0.29719320705238,-0.4655061794596542,-0.3783249146810372,-0.6392462783035447,-0.153102339468715,-0.43144873321868693,-0.3999268072898885,-0.2898028402412533
222236,0.47794621615236565,1.7011414378841925,-0.4852759342779021,-0.2929550283814594,-0.562747841247719,-0.3494540045272271,-0.5981854297027953,-0.9734441096842866,-0.2920657472690127
437672,0.37273799860837703,0.0786538136891955,-0.47802248533881586,-0.3306103588347658,-0.5655781129585967,-0.3863492961679141,-0.4985412433885407,-0.2641830670781966,-0.2923509607693941
34672,0.5851307741867015,0.2525408747650991,-0.6063503292268415,-0.026697124396016,-0.6635244081723932,-0.3165000612702429,-0.5214052709277018,-0.3112085770801036,-0.3015373085350588
96423,0.24527082681989182,0.8388592727506079,-0.7915790296205103,-0.3355064419906318,0.06943895742145428,-0.0864546570504052,-0.7307003799185154,-0.6125112004428409,-0.30189240632441994
398957,-0.4765681826949352,0.4819992677237449,-0.9131930784508291,-0.6111114138190964,0.7230422599784844,-0.141443183071185,-0.5493958756892672,-0.6619607058056722,-0.30402871921413677
347855,0.5335373891081678,0.3946472709600502,-0.2616004726839886,-0.6362594773015066,-0.9408548453182484,-0.4160257616232122,-0.556556838780874,-0.6367511540520726,-0.30636869191873584
17187,0.4217149526147336,-0.3479542900309392,-0.5756579070722063,-0.5972243415951801,-0.5175211134966794,-0.3904398341383648,-0.5736352471078111,-0.2755758452745336,-0.31127482876549084
254250,0.3934154157708911,0.8931653555926357,-0.6844427378679874,-0.1902708116488582,-0.3930278951843837,-0.0678906650921841,-0.5637354629247175,-0.5262169655939801,-0.3119476700515494
125408,-0.0022983339034656197,-0.6825279792776495,-0.7677897946413422,-0.6359924182202756,0.10670023779067983,-0.242345929785285,-0.5849288176853402,-0.1519520818674576,-0.31207917710986705
246165,0.07082435566253122,0.1126561363345528,-0.39248174665569646,-0.3787700131497521,-0.4808615334747468,-0.3267103862262676,-0.448952125175136,-0.320904558523796,-0.31286776241076203
511210,0.4045738293320244,-0.0159808370017645,-0.5398987498426295,-0.4454902736101641,-0.47979116554737317,-0.2588279099451762,-0.6572389770678665,-0.3073301845026266,-0.31808876578146117
352435,0.8424297221925264,1.4030009434555517,-0.7000650412400251,-0.0861622798163695,-0.5964674156918522,-0.3804126297947793,-0.8361578573632741,-0.6774742761155799,-0.3225651480256563
245731,0.9451625533220872,0.5214112772124748,-0.8009235533828816,-0.2711452034144134,-0.7077517400360903,-0.0794209062266176,-0.733349304448953,-0.4217427655381964,-0.3242155111364594
450244,-0.03235213418362168,-0.0238512837904632,-0.29015658355972984,-0.3462778249335415,-0.5083529974139864,-0.315925319137555,-0.494520711538525,-0.2290351343448115,-0.33134560667396573
422516,-0.4202473331789065,-1.160901705167511,-0.8851713363460814,-0.8930812937501853,0.5742556423299559,-4.594797723883828,-0.5974566511520167,-0.1294089250108735,-0.3321549195867622
190818,0.5866856214109722,0.4616357319818437,-0.523639343496555,-0.2856999233414008,-0.7108885214166298,-0.1804787549945926,-0.6869246289527866,-0.4110771859501348,-0.3336917181137498
316261,0.51651145823807,2.032825975778089,-0.41705990534812126,0.2451245104483655,-0.812780047669233,-0.3450311558802468,-0.6256078092593909,-0.7126222088489644,-0.33473407600966876
327092,0.47022108418646263,-0.186311253136444,-0.6852594866379635,-0.398354345773222,-0.5765670912696998,-0.1985499819278638,-0.5500261110843817,-0.1960687974362583,-0.33540790120139563
185569,0.2850808906500134,-0.8233691264318848,-0.5447180614821278,-0.7149973964172266,-0.7491667125546657,-0.4324584529861881,-0.33309287166528123,-0.1463768925373346,-0.3354741887630153
145063,-0.1422439302970166,0.0005271760727617,-0.4469118678743652,-0.337642914640467,-0.40311069804028604,-0.2055519779121457,-0.35913423281099793,-0.2329135269222886,-0.33785018225566643
152450,0.16374679838088108,-0.2354965642703807,-0.5931806990299567,-0.4915134552753182,-0.4091473017060483,-0.3056978062758338,-0.5180384097858706,-0.2426095083659793,-0.33915490303524864
107181,0.3082513198679449,0.4429658366881441,-0.5274493005543827,-0.1964131705171276,-0.6302379207435671,-0.3255795697263784,-0.5258017690357049,-0.3250253506373655,-0.3438094176164274
489092,-0.011175538024360688,-0.0049223611340965,-0.3578836100908724,-0.5903253153300945,-0.5058429995681966,-0.332062274109807,-0.5040844093036573,-0.6311759647219493,-0.34474663924677174
283419,0.2902990695540718,0.737758900583868,-0.4783092276785663,0.503815740465651,-0.5678816801192623,0.0284131396221107,-0.6425089915870719,-0.5090065985314267,-0.34960020745770715
241517,0.2522335721644938,0.2425483961207127,-0.4250559535568995,-0.4840358010009012,-0.6975106023272548,-0.2676837371768886,-0.5676347889429344,-0.4600418922407797,-0.3594919431656487
127781,0.5554764450718055,0.4113246480793964,-0.5702038260741957,-0.2259677088398184,-0.6317271320569515,-0.1964085229822974,-0.8715594599468515,-0.330115740895303,-0.3795034932515483
166489,0.2623907272212314,1.2221301061785368,-0.6416639883322974,-0.3023020962244786,-0.506868897384337,-0.2946778845244178,-0.6380437970157142,-0.7606173169952405,-0.3810464888777793
110426,-0.19074357984670512,0.1756994113711237,-0.5043270994118703,-0.3485478271239891,-0.4737245309979511,-0.2073272016436411,-0.41570246156031304,-0.3235709534208112,-0.3961244179542099
541811,0.5528585438080807,2.9183409028246428,-0.7136487985916453,0.0437619632016024,-0.7015025173231505,-0.2891939330886506,-0.8437980564630659,-1.2762011302635785,-0.4265227071424452
358461,-0.24414886558220722,-0.5537415670782562,-1.0871688265236976,-0.3517970459456113,0.24181947521763353,-0.0335517451291938,-0.6428434922413334,-0.1948567997557966,-0.4330854272824012
279785,0.21045919607810404,0.226747726998082,-0.635683356678138,-0.4163363239093166,-0.7317285865818431,-0.3738863469635517,-0.6005877412883432,-0.4025932021869041,-0.4393851221175551
226500,0.3973400929145414,0.1800032506277275,-0.7769354012425298,-0.5678923525068467,-0.8051056768187539,-0.4019935847101362,-0.5798688485635766,-0.4898570351801336,-0.4411424584275797
481219,0.5103646437062502,-0.1151285413576359,-0.9214379477030319,0.0074419281544414,-0.5787980257785423,-0.1874029284916188,-0.7839061241914068,-0.3589612856902889,-0.4434443634916827
298746,0.3616261694161413,0.678232420125032,-0.8379289926361825,0.3222600750767143,-0.8097898248411761,0.1666372319020822,-0.4936311652134745,-0.0375395008318886,-0.44493095331867294
415808,0.6560724460848941,0.4206396705445026,-0.8121503740133514,-0.3633250962853329,-1.015812174286165,-0.1880349070393656,-0.6823454845348843,-0.4469523172917962,-0.4635588966873767
419485,0.21822513822070408,-0.2083584667356752,-0.7639316925049634,-0.4083690613193144,-0.8646372367651773,-0.2313369807239199,-0.46596887382242713,-0.1936448020753345,-0.46907816621796594
276526,0.3352702474601079,-0.0039460272286634,-0.9506765348025196,-0.5428333087181816,-0.46576175568347533,-0.3703532673549161,-0.7973605244180193,-0.3907156249183804,-0.46963214186097657
279476,-0.2602272515599893,-0.4195355054446197,-0.682567661868564,-0.4506979256941315,-0.5766272585543268,-0.2563810504758009,-0.37007324856657287,-0.128439326866504,-0.4723738551373633
186125,0.3970261383350873,0.1937914763942611,-1.1101846472929227,-0.4993026784778334,-0.4353748070871119,-0.3346699686020655,-0.7592543633174317,-0.4447707214669649,-0.4769469198405948
145489,-0.36301567663052503,-0.2167967812040656,-0.6202756816363574,-0.5358897726062244,-0.5543298622519208,-0.3956293881097452,-0.3744954585596413,-0.285514226254319,-0.4780291697696112
424619,-0.2901761305498377,-1.1615990865285364,-1.063424065581649,-0.9193866132512544,0.06824063408081361,-0.8098467953710443,-0.6360951512319244,-0.1495280865065342,-0.48036367832064936
366707,0.1476902587056596,-0.540361807537467,-0.9083076506860779,-0.6458736042257546,-0.6004637232666111,-0.3710743367299004,-0.5947370485954849,-0.2241871436229654,-0.4889545409606285
11275,-0.033153066518800796,-0.0209222820741622,-0.892083925629819,-0.4651191160805045,-0.5444445634684991,-0.3603538093882127,-0.539876757283526,-0.3196925608433347,-0.5023895782251613
270830,0.31365470091658587,-0.1057338181655542,-0.6160438070982891,-0.6476539981006139,-1.0161242810703157,-0.4231758947836926,-0.6929732876046535,-0.4227123636825644,-0.5028716687141681
408541,-0.24088441297995725,-0.2469435811820472,-0.8228532778119945,-0.5932184553767428,-0.5485337694719955,-0.3810975424391389,-0.5539652745999264,-0.3165413668741343,-0.5415591837159683
462928,0.2977808783706297,-0.6945528264598791,-0.8566176597599295,-1.1029007119025385,-0.8812465709088024,-0.4733704800822703,-0.8120626511842031,-0.5002802152321042,-0.5630365008705763
476309,-0.5535151475855412,-0.1804233619312275,-0.6092484776605118,-0.1481644965083995,-0.7621211660912378,-0.1741857647990727,-0.34573416108469585,0.0039108198398956,-0.5676547381054967
402761,-0.27354274840599846,-0.2417331461561097,-0.8399086275483534,-0.66679323225537,-0.812038825799302,-0.3377087794701603,-0.4328339180048887,-0.3785956481137656,-0.5895810299396356
60951,-0.3773168964313798,0.5907807974526211,-0.6911474197850627,-0.6389300681137975,-0.9166108235084469,-0.363803996890536,-0.47294863693877753,-0.7300749754476096,-0.6145059441659168
387342,-0.4056527652753071,-0.3950275319000612,-0.8363059494962909,-0.5129672014673903,-0.848464174002221,-0.2271503499637096,-0.41391319311303154,-0.1868576150647502,-0.6260840204717126
23774,-0.259109104501379,-0.6133178604914512,-0.8023807265611926,-0.3971970897545635,-0.9087961881105159,-0.4079206802585167,-0.5445000078915858,-0.2035831830551199,-0.6286965067661683
371522,-0.41800559370214274,1.2018861215270964,-0.7210996334505497,-0.7111250397394027,-0.9362071613179292,-0.416493394695638,-0.4395859134016129,-1.0633743375745306,-0.6287245754680586
441414,-0.43230172637483183,-0.9319812921159412,-0.8574563143183244,-0.8450106591289416,-0.8436707496698758,-0.4496732147784627,-0.4452144567199632,-0.1980079937249969,-0.6446608117707487
451180,-0.26931258277576237,-0.2899620485663599,-0.9343099429446171,-0.6840185429946494,-0.8625289228208707,-0.4195088092313131,-0.5269612751190957,-0.3681724680617959,-0.6482781809150864
230579,-0.40068172062818436,0.0765118566517648,-0.7770208549944311,-0.0813552163542445,-0.7494602937899535,-0.3462536666943414,-0.6678099584724024,-0.2731518499136117,-0.6487432069712429
93649,-0.517754432162902,-0.4427682673575904,-0.8537439639233104,-0.6493008624348617,-0.7184113448254416,-0.4019840028091099,-0.5742337592572782,-0.2721822517692424,-0.666035875042233
16615,-0.2957028836974399,-0.2580518700040716,-0.9280321697196716,-0.8292541733364232,-0.9356902999834471,-0.4436754073484957,-0.640130232369556,-0.4954322245102573,-0.6998888964425287
304648,-0.6331078650863436,-0.7922758803210862,-0.891358702073313,-0.7629345014978565,-0.8915408407548403,-0.4200848811517353,-0.4320284502752733,-0.1967959960445349,-0.7120089645474426
223909,-0.5380558274122016,-0.5257367241377057,-0.985911508007198,-0.9054550311804688,-0.9177669533615797,-0.4544854470609031,-0.46912246852361633,-0.4278027539405034,-0.727714189326149
422317,-0.6399745986966872,-0.3372644300255294,-1.1253748134519956,-0.8440759523446405,-0.9884633993099341,-0.4462007783471892,-0.5471924495347461,-0.4651322824987183,-0.8252513152483407
6396,,-1.4744045147204232,1.6767315772068325,-0.2346026191328939,0.15546659649337458,-0.2369850086492025,1.7919464828132388,0.5175554368194937,
11882,,-1.302201131501849,0.773500240122626,0.7283679179324781,0.30852869059730903,0.4724997284224631,1.3669055615768964,1.174458179629645,
32674,1.3925520515503431,1.1280932109398836,-0.782937560545711,-0.1392180172872237,-0.45840938322216934,-0.237784585225428,,-0.5933616370915485,
36827,1.37670060563489,0.626905151953664,-0.6876786818835676,-0.2962042472030785,0.10483060817051089,-0.1228248516923301,,-0.4867058412109333,
43978,1.483589710017297,1.2142198090263503,-0.5941721936364299,-0.2036682755571872,-0.5542845992769798,-0.1003467373733795,,-0.6815950682291492,
47411,-0.9389770883523064,-0.8426766275413793,,-0.8128745496877039,-0.15111534017300202,-0.4234055172295241,-0.6870914166663887,-0.2127943654266272,
49831,-0.15574833460400211,-0.4613285741517015,-0.508773160455472,-1.268432832417728,,-0.5553202698867465,-0.7521355763806911,-0.7400133564273942,
59023,-0.03940176777849678,0.275584347451507,-0.6587025296948862,-0.5131897507017478,,-0.316593330757993,-0.6395224374405739,-0.4908266333245035,
76497,-0.5707907959098092,-0.9798216534821884,,-0.610977884278481,-0.3506895046575881,-0.2937379792633806,-0.6980889373277722,-0.1980079937249969,
77522,0.0428320110737582,-0.3183753577326504,,-0.5999394422543435,-0.4569171490250029,-0.305793839228908,-0.8555793352566887,-0.2898774179039814,
78081,-0.9579854518592649,-0.2932995165084008,,-0.8245806394149136,-0.7409999670656328,-0.4385196369195963,-0.4830038153413914,-0.4709498713649338,
87004,-0.5671895296495719,-0.7746420944780509,,-0.7985423789950727,0.14589445476441695,-0.1344467739648431,-0.658435977271535,-0.2329135269222884,
97814,-0.8075782171939814,-0.1161447256265562,-0.8889406749898219,-0.6993299303184531,,-0.4333068725716598,-0.48442084043567146,-0.4544667029106559,
101919,-0.09985997585486561,-0.019407968261654,-0.8273106066166932,-0.7224750506916435,,-0.4289328397666718,-0.4189543914873399,-0.521853773944317,
104248,2.134636683762854,0.9797402702683308,-0.10582528868987374,-0.3987549343950664,-0.7427751288314767,-0.3854914958076064,,-0.7317717722002561,
111476,,-1.42338608686608,0.20515765760143734,-0.2221843718557395,0.62126481203606,0.0411654440402673,1.139975054091447,0.5129498456337406,
116233,1.4098095218381679,0.3690932253739566,-0.6825490403490789,-0.2999430743402871,-0.26142516401712035,-0.2599992633219327,,-0.3749596550723817,
134878,1.1589378983940999,1.3477583770715775,-0.704209983286699,-0.593975122773559,-0.7068948531909715,-0.3624972761888503,,-1.0432551760788702,
151073,-0.3621007756284367,-0.4916845885379909,-0.890386531838952,-0.8170139654467546,,-0.4426632006235708,-0.6505302843264736,-0.3768988513611192,
157115,-0.1760043217538805,-0.4301655899048007,-0.9849913140004775,-0.6842856020758763,,-0.3863139136187009,-0.7294817558406854,-0.3015125956364111,
164038,,-1.380796010889256,1.3765529934646072,0.508711823621518,-0.02535087867194514,0.1987776088219229,1.3561200329912804,1.0217464718914926,
225944,,-1.3905294621709767,0.7599181555760902,0.0750968953991535,1.839645712673072,0.3158108329003887,1.2717257733572067,0.7199590494565703,
249640,-0.19058979726753253,-0.4934977800766533,,-0.5252074093570588,-0.9117439357237137,-0.3514730591867106,,-0.1580120702697643,
290884,0.997537378125262,0.866724639418952,-0.5454789391330883,-0.2444838051383729,,-0.0638021958696405,-0.666363151338038,-0.5550625103889653,
305364,-1.0304681411655248,-0.7774913954673767,,-0.7970290442014414,-0.7117918732935781,-0.4324637224859641,-0.49162797606631387,-0.2326711273861965,
344650,,-1.563788880021959,0.8037595959504323,0.3778083639723734,-0.35100144170049546,0.0505474757611386,1.4963993246317253,1.0212616728193076,
369318,-1.4813356155304946,-0.7512997440654893,,-0.6672383307240838,-0.9191345007832469,-0.3040650403018077,-0.6210333554587444,-0.144680095784689,
377102,0.7764982144421954,0.094902799401056,-0.7633284346463349,-0.4408167396886535,1.312151153457973,-0.074341462514745,,-0.3623548791955803,
377903,,-1.2868388163775772,1.2249554226349857,0.7423440098501354,0.01900831391787869,0.3293497859632792,1.6106859262669786,1.1843965606094304,
