bldg_id,emis_red_pred,actual_emiss_red,bill_red_pred,actual_bill_sav,elecsav_pred,actual_elec_save,actual_burd_red,zscored_income_rep,actual_income_rep,total_score
161294,-0.7255293652193732,-1.7374468015078113,2.7799552067368505,5.455224635994336,1.9736361176086037,4.94716455937031,2.375216224242195,-0.5543161560145704,-0.5545793016054735,1.1455945287851628
458545,-0.8081902772335845,-1.396566792239272,2.6269506903077375,2.443510357279696,1.9222780605769452,2.5752850987070888,1.0830093290994875,-0.582816637875042,-0.5830933132468451,1.080963777881535
490042,-0.829085702845813,-0.9776498086721424,1.9472729018740225,3.159050655586276,1.543481995933224,2.866406941553949,2.2675875381351176,-0.8079263873246894,-0.8083099270506958,0.8673988955715307
166126,-1.1160928592568242,-1.2254592940165911,1.9757536638448085,1.488151004029353,1.469194861756506,1.7033739673830588,2.7870332283716044,-1.0600401914155886,-1.0605434148910806,0.8472239644400197
283662,-1.2714031245928488,-0.978885169940242,2.2933713494304633,3.275488415002177,1.7206065284316268,2.947610786144872,1.22432969091949,-0.4768133797825896,-0.4770397331681295,0.8048470332629577
132375,-1.4779636595997132,-1.2753818368750398,1.686426062241332,1.0238687913125109,1.5878689155990473,1.3802553857720137,5.21972333116063,-1.190669931968502,-1.1912351681417916,0.7467503125522921
190991,-1.3925349847976332,-1.183327497219869,2.045590664176025,1.502082586100139,1.612770951145329,1.7133123483628436,0.6388921315561936,-0.5793908070330717,-0.5796658560905928,0.7113043593891981
411128,-1.4789201741625435,-0.7383782637048013,1.55799761843206,5.014977740588115,1.6169832432338047,4.158154069389852,6.377671362982691,-1.0135749868472237,-1.014056152308386,0.6774089185876362
275673,-1.37812553823205,-1.1697385232707729,1.8523147250824328,1.6386833061488402,1.6230435777356165,1.8080905669749363,0.6948111913771908,-0.5746660469805095,-0.5749388530946086,0.6679747028916272
294838,-1.4821460519621557,-1.016095446846309,1.4413569669880681,2.788417160687115,1.5799366524498168,2.608493835151734,4.067061263126796,-1.0318055722590391,-1.032295392164274,0.6427382849336921
162319,-1.3802042909875543,-1.240492843642095,1.333328895248445,1.2499343035729682,1.4740861448893594,1.5375726846959217,3.8014667243368914,-1.1362212502052127,-1.1367606384388729,0.6408579998388657
275009,-1.3790137993159506,-1.3726864619196335,2.037422209984889,0.3517701035525326,1.9141290476226915,0.9124242811138622,-0.1459941787973648,0.026320393274499757,0.0263328881212868,0.6365542662542825
113021,-1.2828161032146856,-1.1202642970015542,1.8867943288957882,2.1697747990198364,1.5894277187277661,2.1779922590517966,0.5752952898812984,-0.3154802949652769,-0.3156300601267938,0.6272215598435364
212284,-1.7028976654160914,-1.845630575784381,1.6040735641470771,1.1191198636175657,1.6824208122234088,1.7045859650635198,1.0321132229048395,-0.858083285438947,-0.8584906357042078,0.6104199990983353
465598,-1.0170930634736803,-1.1862963492996572,2.402846376302418,1.6807896212893,1.8242146123498806,1.8374209108421065,-0.0412700641401805,0.7837404485173962,0.7841125066672481,0.6065568691653055
39344,-0.9181100210572186,-1.2701813644399746,2.466810220323961,1.174045014657024,2.0473767981801876,1.4847295858277991,-0.1744630733901173,1.1833244964353733,1.1838862455752206,0.6031881252528892
369093,-1.7367781057533944,-1.3062260182140448,1.717527332276202,0.8229958523813331,1.8187550847243514,1.2517836316430913,0.3402654810500639,-0.5945373850793885,-0.5948196245375265,0.5985104240816368
499906,-1.2060092395340434,-1.031587275651915,1.649939376186886,2.6429144712641097,1.6997235763323872,2.5071708290651515,0.5558895932227241,-0.13821064006713554,-0.1382762515781025,0.5704660882630913
1979,-1.5900572642582682,-1.259352028162359,1.3022957470463379,1.1477842050028255,1.6110169998054293,1.4665496206208757,1.4420752364650449,-0.9490918870301811,-0.9495424410014556,0.56808684240592
35021,-1.471366983168647,-1.3440838635267771,1.2851003392021405,1.2919070891728135,1.5352227125162996,1.6136861390289066,1.3494093267460872,-0.9040775332175066,-0.9045067179239586,0.563258400441825
241531,-1.0435883299205715,-1.1128720545747,1.516298391106332,2.199952475198728,1.512603847986681,2.1988386191557363,0.4259061474923519,-0.13492153861575382,-0.1349855887207694,0.5300588619470488
183261,-1.535039539202944,-1.2638949695998862,1.5966851710960195,0.9230984979953863,1.529735182251503,1.3102019198413373,0.2993543329973523,-0.5107374608030764,-0.5109799186666278,0.5255295687369137
26870,-1.5666678161188106,-1.2050459453203313,1.371170925303506,1.4841451178109155,1.4001408588027784,1.7007075724860452,0.6639570648079021,-0.6011003958276421,-0.6013857508856462,0.451436090953779
38513,-1.7856411622172859,-1.4491493468604804,1.5130055406927463,-0.0729428552955264,1.7120347106093912,0.6280896252775857,-0.186540541270801,-0.3154802949652769,-0.3156300601267938,0.4387198460125321
500603,-1.72224395179145,-1.2266946552846916,1.185441719419505,1.4026920980360302,1.3048497346817176,1.643986081040444,1.8898298425743905,-0.9799319606851691,-0.9803971550909992,0.4369948657487354
6283,-1.7728274491003322,-1.1908691785098002,1.302535297558706,1.5391592885441172,1.4807593427635064,1.73900669918863,0.7279909884013375,-0.6235847845022146,-0.6238808133745747,0.4085129939310237
156254,-1.598776639420891,-1.1481794766242586,2.5682455848879147,2.7324682831696148,2.2177647816289845,2.6269161998947497,-0.0677910208357032,1.8633936969913873,1.8642782893493035,0.3309600075261552
314840,-1.3798977120822902,-1.0745559300818657,1.267606316519172,2.436121722699022,1.3510686149518196,2.363427904162412,0.433808686069197,-0.055481762683767574,-0.0555081010487373,0.32356474551811726
215284,-1.7561742638245659,-1.3772792163115206,1.0153859147972897,0.2062229042826575,1.41250859176413,0.8111012750272775,0.0483907790606667,-0.5952134359550766,-0.595495996348849,0.31673341967298263
136896,1.379908103174985,1.3980694609740243,0.017423927862458995,0.0039256502515913,-0.29735001828706337,-0.6081480087931797,-0.2016373397043643,-0.14862486198363517,-0.1486954173457786,0.31215171868350394
363948,-1.6165948798454377,-1.3699965623842572,2.472675622382183,1.9834120701687747,2.2177647816289845,2.1663570813193656,-0.1470016037560167,1.8633936969913873,1.8642782893493035,0.3026129567935856
114455,-1.0867358649348227,-1.4361780535454354,1.374688596632289,-0.2216502536932797,1.5887082821971452,0.513434644705923,-0.3442160836007809,0.7330138446090195,0.7333618217682396,0.285911792321398
171196,-1.8299223233907116,-1.2766968988701135,1.920847414066164,0.9080096599059402,1.707123637953104,1.299778739789369,-0.1556972985877526,0.7143654749481831,0.7147045993323209,0.27092081342009333
120884,-1.480185784143646,-1.3439742750271877,0.9530331933006836,0.6510543139166444,1.2634791392019546,1.1206454826171532,0.0577256154849786,-0.3122063856684051,-0.3123545966360072,0.2621332335068493
506778,-1.8985317417292455,-1.2509635266483277,1.1430690301441966,1.154193622952327,1.6403611888346483,1.4709128122705373,0.1385579346438069,-0.16059627973739404,-0.1606725181844784,0.26137368924674836
310897,-1.3030206651787368,-1.2658277122290114,1.7963315268219424,1.590523651833853,1.8123726479625126,1.8063937702222896,-0.1289203929315744,1.2663192365226636,1.2669203850191508,0.25984106827076364
194525,-1.8447146592098491,-1.2124680755198016,0.8023631986665889,1.3850661986749075,1.3997587968427223,1.6316237046997375,0.7289982041797389,-0.6680826050615544,-0.6683997579894881,0.25637248534025414
37850,-1.748375756154767,-1.1765728606088075,0.7208603162528108,1.3119810301118706,1.3087932594498215,1.5809622016564455,0.8443252162039784,-0.7436104012072552,-0.7439634087757775,0.25622205518878005
34495,1.2032845677478528,0.6410321058098363,-0.42430760165803855,-0.189514144252042,-0.775725601398151,-0.4113195854862266,0.2399014732320134,-0.98576574801695,-0.9862337118448836,0.24725427817715334
471559,1.622420085541333,1.6436473259631983,-0.05300160209151358,-0.2809818795730199,-0.8369595457216821,-0.9387809760230874,-0.2813947499523173,-0.16977993713859613,-0.169860535261882,0.2255597187166834
37245,0.5898435120097494,0.4618847967536392,-0.38465915952879937,-0.2939787548595045,-0.45034649298392376,-0.4110771859501341,0.6098935402206781,-1.1292556473624482,-1.129791728877269,0.2210233767148686
439254,0.7098074876087493,0.0196354253648208,-0.35853902096909634,-0.3792596214653393,-0.5510314791865953,-0.2758182448106277,0.1701294423533491,-1.0532948748132167,-1.053794896144402,0.2133829655665686
35502,1.3173313359757188,0.6982771529590378,-0.036567687607430926,-0.0961324855155914,-0.46415323300687217,-0.3696268652783497,-0.2558019098560104,0.00426898100345787,0.0042710075789356,0.20308535858948942
429595,0.557662483627642,0.6437220053452155,-0.26060866992319137,-0.2411010567761362,-0.39069134739055533,-0.4515579084775497,0.0307520932142487,-0.8837124500970576,-0.884131967068277,0.1975187291027382
180718,0.8030381736198041,1.1927603882885534,0.05636083444401764,-0.0401390981512155,-0.4300562819581667,-0.5458513280174572,-0.1753973295781205,-0.3154802949652769,-0.3156300601267938,0.186205755267733
408407,-1.7517755066615235,-1.5042424743813805,1.7742085999390034,2.7571267383364337,1.9022645124567767,2.8203510296964107,0.0353492187753618,1.2010765289801286,1.2016467053848914,0.180905269188532
480125,0.6137646253050636,0.7112085959105974,-0.043568188409913416,-0.2426143915697666,-0.33184551782921934,-0.4854938435304727,-0.21650022469341,-0.4348374568718843,-0.4350438833999474,0.16829709398445378
128532,0.522603220660771,-0.4934180793496788,-0.5171486531901732,-0.6367490856170929,-0.6039194648531092,-0.2382463167163184,1.4640912164574225,-1.2658938850240058,-1.2664948315971496,0.16685724691037362
197168,0.6167487831491872,0.9516059136464466,-0.4862830931694555,-0.4012029759729989,-0.6358490878311694,-0.7131070079211488,0.6407924531424747,-1.1671676689417696,-1.1677217480942428,0.16544606777258294
460150,1.3013423303414184,0.810067385131187,-0.5880898708656876,-0.2686526519896065,-0.7790317802774315,-0.5477905243061951,-0.1162647522254715,-0.7253570275636748,-0.7257013698700696,0.16489442669049356
162327,1.2751168508366746,0.3686150210121117,-0.6673379412128189,-0.3912327702737789,-0.6714756538979834,-0.4440435228586876,-0.1914196587922485,-0.7166595191067878,-0.7169997325221564,0.16324069370816507
377505,1.9017280057976347,1.8820720507064397,-0.2787283176563231,0.0173676240067929,-0.8230350455706822,-0.8144300140077321,-0.250939387549619,0.16735675966665775,0.1674362074564006,0.15815197072599288
161280,0.7159142688042279,0.3688939735565214,-0.2597976189474215,-0.3177025032420253,-0.8216534017091018,-0.3875644309491801,0.1098487104992917,-0.989320712172254,-0.9897903636167816,0.1559459900799897
107198,-1.7598137485079703,-1.0800054672887247,1.3927068016356448,2.4316262281649994,1.7145773668713526,2.3602767101932116,0.090287119316541,0.7407998237953157,0.7411514971233585,0.15166764905092783
458342,0.8695449443606386,0.7125734708600293,-0.288083787858412,-0.2475994944193776,-0.46577579346909465,-0.4925234300771488,-0.2073562297863642,-0.4751802231727811,-0.4754058012643729,0.14771639655147822
281078,0.6779258017741656,-0.6680523347409636,-0.5635164575136118,-0.6867781535006833,-0.5692138947109975,-0.200916788158104,-0.2624418332745369,-1.0314105762417831,-1.0319002086340632,0.14415150644783487
290884,0.997537378125262,0.866724639418952,-0.5454789391330883,-0.2444838051383729,-0.6663631513380379,-0.5550625103889653,-0.0638021958696405,-0.7832999048642286,-0.7836717538787005,0.14224879812959107
343922,-1.5840555190921828,-1.0517515595763802,1.4561807584823414,2.4638958671468503,1.6490234668528714,2.3825774675137055,0.0383009792443726,0.9827576725963826,0.983224208427359,0.13459775841166183
56081,-1.6350075177182017,-1.3053194224447136,1.0326495220463547,0.9510061719838294,1.2295350818636894,1.3295938827287217,-0.0214451628437553,0.10955061175669265,0.1096026177466889,0.12940661860878744
58669,0.6377683484358566,0.0493438713444444,-0.5766475768767116,-0.5457264487648309,-0.7425247711485614,-0.4171371743524422,0.46415279853843,-1.1944755666732183,-1.1950426094617084,0.12826789177095044
150192,0.21912485734964637,0.6391989890894307,-0.30394999495903235,-0.1767843280467872,-0.4842547410872866,-0.4023508026508111,0.4473744725424108,-1.0541456354657681,-1.0546460606710102,0.12126643919227387
321982,0.8245182177658389,0.3127746991758309,-0.10141702943021816,-0.002394748004165,-0.45325059930542755,-0.3267221473900123,-0.194982163646949,-0.1877598520009992,-0.1878489855697515,0.1144026102577981
299851,0.29927728343336696,-0.1389291709502975,-0.4489894600284135,-0.380238838096513,-0.5489696574799743,-0.2026135849107504,0.4606922003473227,-1.132932148753831,-1.1334699755815396,0.10856257866970256
56492,-1.4773331054529817,-1.0730715040419714,1.6867602295385706,2.3156780770646823,1.6236968868793435,2.279557664674474,-0.0591790461526901,1.4312224776497902,1.4319019091989311,0.10047538332878558
2277,0.7231284781986249,0.2244563310975747,-0.10912303921953369,-0.025851437305457,-0.5503811739437116,-0.2973918035228424,-0.1728808603943483,-0.30701826490329254,-0.3071640129603524,0.09266063248466805
520464,0.7518840700726811,0.6775151135822646,-0.42643987744946754,-0.2384304659638443,-0.6721102530215699,-0.4709498713649338,-0.1315907472617893,-0.664953021232526,-0.6652686884808939,0.07957174020854241
147180,0.6287774056834359,0.7856789626770903,-0.3560179413527199,-0.1454493958492361,-0.6897694931680061,-0.443316324250411,-0.0553661474282392,-0.709435649637356,-0.7097724337292608,0.07310640520001646
53475,0.704798566041448,1.4211627466147911,-0.465874280923445,-0.0422310609541781,-0.7954815146244776,-0.6561431169394568,0.1151861864256865,-0.8277293607282741,-0.8281223013441542,0.06779303280544985
415490,0.37698983001687264,0.29719320705238,-0.4655061794596542,-0.3783249146810372,-0.43144873321868693,-0.3999268072898885,-0.153102339468715,-0.778514376193627,-0.7788839534165298,0.06463732338303962
172070,0.822737042965634,1.3237485330706087,-0.4783933751094391,0.1432414709594529,-0.8114025508460698,-0.4719194695093026,0.1235390243583054,-0.7255089491087733,-0.7258533635355354,0.0646125165297246
385063,0.7644026761602453,0.085777066162513,-0.589970813831723,-0.4958754202687254,-0.585411294591708,-0.3895036272379191,-0.2669242834823384,-0.6657278211125282,-0.6660438561747692,0.06368709721233559
65735,0.90968306501343,1.2674399694633545,-0.3669757759412004,-0.7362731032218149,-0.8089439995453345,-1.1387605932992402,-0.4050088234717778,-0.4849639706771221,-0.4851941933203661,0.05468181505100428
59850,1.154013227634143,0.6221430335169585,-0.8324588360747605,-0.2660710808710605,-0.7718252344020758,-0.4624658876017038,-0.1497847198597445,-0.6571138695054454,-0.6574258153428622,0.05171075666568803
180026,0.7980323821043926,0.5369031060180806,-0.43277484852567677,-0.5884113919146188,-0.7106940216365363,-0.6685054932801641,-0.3358603040167592,-0.5483988118329853,-0.5486591483355832,0.05074058094379125
170615,1.2295006697316377,1.0957147906066234,-0.39443210182765504,-0.3655950984757816,-0.6539383052167946,-0.7538301299846561,-0.3227595671649996,-0.018625595842880486,-0.0186344378067504,0.049938964632517124
245731,0.9451625533220872,0.5214112772124748,-0.8009235533828816,-0.2711452034144134,-0.733349304448953,-0.4217427655381964,-0.0794209062266176,-0.7856091123497252,-0.7859820575937796,0.049124701959994466
306445,-1.43234068112465,-1.3157402924965869,0.9829735182006406,0.7691389376667913,1.3391288485509232,1.2030613248885385,-0.1761282653775021,0.6946536544716576,0.6949834212381419,0.04877700778881405
154818,0.12163373074455047,-0.6250936429018851,-0.48219268837054796,-0.6639446020555921,-0.6530852515604029,-0.2004319890859196,0.0032905452161264,-1.1738370247715921,-1.1743942700081884,0.04004820389629793
345757,0.42584184017969506,-0.4981403474228972,-0.6623156770888571,-0.6392861468887693,-0.7883138619588949,-0.2423671088298883,0.0700368161622411,-1.1742168286343384,-1.1747742541718529,0.03735728244157038
256835,0.5546665231375033,0.8877556687492634,-0.6647065491026497,-0.3128509299330287,-0.7333789081343365,-0.6146927962676717,0.0979785761405827,-0.9795293685906581,-0.9799943718775151,0.034027608622793803
360967,0.07458760419246903,-0.8231100990692181,-0.6414887952380133,-0.7135285714704668,-0.40055789163521843,-0.1471040911456116,-0.2819445299323756,-1.0541456354657681,-1.0546460606710102,0.021671638196251355
190818,0.5866856214109722,0.4616357319818437,-0.523639343496555,-0.2856999233414008,-0.6869246289527866,-0.4110771859501348,-0.1804787549945926,-0.6072760066358945,-0.6075642933868283,-0.0041505861006187195
333784,1.4856042665835756,0.3367347302224415,-0.2297222629032149,-0.3101803391207378,-0.685406084010868,-0.3696268652783497,-0.352137495874697,0.5873210828595936,0.5875998965866012,-0.004211290797525247
371912,0.07458760419246903,0.1018068748751931,-0.6749875336428838,-0.3570046980295785,-0.415782486683184,-0.2949678081619186,0.0783730618115219,-0.9957393974526642,-0.996212095982709,-0.005110754670233655
183956,1.8067765357566554,1.7347651820764198,-0.1388123544958265,-0.1100640675863762,-0.6622950277400176,-0.8520019421020407,-0.3409440700026146,1.0281974067353328,1.02868551376816,-0.005632063303630336
399547,0.11817787925414533,0.2231313065116294,-0.1782855061880025,-0.021890060933891,-0.4516074441109454,-0.0952305904218582,-0.1189837092719686,-0.4672347263641315,-0.467456532560515,-0.01112008617016777
327092,0.47022108418646263,-0.186311253136444,-0.6852594866379635,-0.398354345773222,-0.5500261110843817,-0.1960687974362583,-0.1985499819278638,-0.709435649637356,-0.7097724337292608,-0.013907215974631668
543942,0.9309013086277019,0.6481155079196654,-0.2817726210647499,-0.305951903667944,-0.5345745630380461,-0.5022194115208417,-0.32506726042029,0.17261324512706458,0.172695188281515,-0.014514780150539641
150672,0.8517052390797683,-0.0959007409751177,-0.7352887792075431,-0.5104746500425833,-0.6895839215703805,-0.3228437548125335,-0.3127773209158048,-0.48241168871946793,-0.4826406997405418,-0.022688943244671855
489624,-0.14689525219524202,0.0738618074798738,-0.5077246025824611,-0.4583091095091618,-0.5029816541462696,-0.3601732833707503,0.0879040689230759,-1.0648029318544254,-1.0653084163034314,-0.023199644267386826
241517,0.2522335721644938,0.2425483961207127,-0.4250559535568995,-0.4840358010009012,-0.5676347889429344,-0.4600418922407797,-0.2676837371768886,-0.6406531700940269,-0.6409573016896499,-0.0249510000603283
236208,-0.1687984051837616,-0.7185228200973603,-0.694631173473617,-0.680324225704312,-0.5328386581888911,-0.1696472480021965,4.691213877030367,-1.2903912341711328,-1.291003810153499,-0.02646925066878425
254250,0.3934154157708911,0.8931653555926357,-0.6844427378679874,-0.1902708116488582,-0.5637354629247174,-0.5262169655939801,-0.0678906650921841,-0.729580446517412,-0.729926793770017,-0.03129558462610041
415808,0.6560724460848941,0.4206396705445026,-0.8121503740133514,-0.3633250962853329,-0.6823454845348843,-0.4469523172917962,-0.1880349070393656,-0.6879995196239628,-0.6883261275320458,-0.03760597320984471
172432,0.061073173475818164,1.2775420366073305,-0.6239361133032489,-0.1269332995506827,-0.4670848919131568,-0.6525071238980724,0.1107059796550933,-0.8749237887131115,-0.8753391335210843,-0.038756010756869005
161042,-0.004401406321138813,-1.0106757974120657,-0.8354345407905123,-0.8907222718659963,-0.5267355107030461,-0.1965535965084431,-0.6530096155411605,-1.2082852351226687,-1.2088588336525434,-0.03957155567300713
327348,1.1501841277021216,0.5182431733152505,-0.6864288879973007,-0.3232662341009655,-0.7559770430801384,-0.4590722940964101,-0.2996382997829122,-0.1251681754204325,-0.1252275953978693,-0.04176340698872125
511210,0.4045738293320244,-0.0159808370017645,-0.5398987498426295,-0.4454902736101641,-0.6572389770678663,-0.3073301845026266,-0.2588279099451762,-0.6027411485147055,-0.6030272824726761,-0.047455687265941474
44924,1.314552883344747,0.0943150065396213,-0.25801664366683397,-0.3513074376300248,-0.7440509952796311,-0.2859990253265042,-0.3594265379805985,0.5873210828595936,0.5875998965866012,-0.06870895961532794
489092,-0.011175538024360688,-0.0049223611340965,-0.3578836100908724,-0.5903253153300945,-0.5040844093036573,-0.6311759647219493,-0.332062274109807,-0.5793908070330717,-0.5796658560905928,-0.07343818759645467
298746,0.3616261694161413,0.678232420125032,-0.8379289926361825,0.3222600750767143,-0.4936311652134745,-0.0375395008318886,0.1666372319020822,-0.6680826050615544,-0.6683997579894881,-0.07546284584299033
145063,-0.1422439302970166,0.0005271760727617,-0.4469118678743652,-0.337642914640467,-0.35913423281099793,-0.2329135269222886,-0.2055519779121457,-0.6072760066358945,-0.6075642933868283,-0.08525350608662129
419485,0.21822513822070408,-0.2083584667356752,-0.7639316925049634,-0.4083690613193144,-0.46596887382242713,-0.1936448020753345,-0.2313369807239199,-0.6343940024359702,-0.6346951626724616,-0.09432035641767905
125408,-0.0022983339034656197,-0.6825279792776495,-0.7677897946413422,-0.6359924182202756,-0.5849288176853402,-0.1519520818674576,-0.242345929785285,-0.974204518434957,-0.9746669939029412,-0.09520310694879774
517942,1.3776840430182964,-0.24802950358707,-0.3968831975501383,-0.4282204530240132,-0.6458092689360267,-0.19437200068361,-0.3782037641297601,0.7330138446090195,0.7333618217682396,-0.09950556701922206
127781,0.5554764450718055,0.4113246480793964,-0.5702038260741957,-0.2259677088398184,-0.8715594599468515,-0.330115740895303,-0.1964085229822974,-0.48241168871946793,-0.4826406997405418,-0.10096878805744344
389894,1.670317505119093,1.1069326679282394,-0.18487534903929534,-0.1516362645643761,-0.7028801185890752,-0.5921496394110872,-0.3536870909041592,1.2010765289801286,1.2016467053848914,-0.10462862287235153
96423,0.24527082681989182,0.8388592727506079,-0.7915790296205103,-0.3355064419906318,-0.7307003799185153,-0.6125112004428409,-0.0864546570504052,-0.8355837046098645,-0.8359803738487326,-0.11035621952731733
152450,0.16374679838088108,-0.2354965642703807,-0.5931806990299567,-0.4915134552753182,-0.5180384097858706,-0.2426095083659793,-0.3056978062758338,-0.4784389403151431,-0.4786660653886129,-0.11725834252995078
283419,0.2902990695540718,0.737758900583868,-0.4783092276785663,0.503815740465651,-0.6425089915870719,-0.5090065985314267,0.0284131396221107,-0.3550862417724462,-0.3552548087137105,-0.11885822698478005
110426,-0.19074357984670512,0.1756994113711237,-0.5043270994118703,-0.3485478271239891,-0.41570246156031304,-0.3235709534208112,-0.2073272016436411,-0.6174547501574916,-0.6177478689730324,-0.12332959766534919
338565,1.3398580976566221,0.7168374597531483,-0.40813423160908535,-0.1231944724134763,-0.6508831991211932,-0.3970180128567795,-0.3308195689832343,0.7829808407919039,0.7833525383399195,-0.12553504346639008
422516,-0.4202473331789065,-1.160901705167511,-0.8851713363460814,-0.8930812937501853,-0.5974566511520167,-0.1294089250108735,-4.594797723883828,-1.2955565667044806,-1.2961715947793342,-0.151829688493131
378522,0.47248358544780433,1.0690050844794063,-0.47418962754114297,-0.0739220719267011,-0.47947352868175636,-0.5182177809029329,-0.2686557064566323,0.1415984616952134,0.1416656814766854,-0.1556945081175771
433056,0.9451229163137342,1.2621797214830586,-0.35934839051549616,-0.1305385971472757,-0.6560275008703633,-0.6498407290010562,-0.3219034886412217,0.6119475653200545,0.6122380697585966,-0.17055013509804492
279476,-0.2602272515599893,-0.4195355054446197,-0.682567661868564,-0.4506979256941315,-0.37007324856657287,-0.128439326866504,-0.2563810504758009,-0.6210400986218153,-0.6213349194780237,-0.17295701584332773
200664,1.1077155740609652,0.2764012799029927,-0.09068265550463221,-0.3524201838018109,-0.577151449274236,-0.3742324564641036,-0.3791614917578205,1.14855725083959,1.1491024952333877,-0.17716894538937328
246165,0.07082435566253122,0.1126561363345528,-0.39248174665569646,-0.3787700131497521,-0.448952125175136,-0.320904558523796,-0.3267103862262676,-0.013072863369531666,-0.0130790693339778,-0.1893841631996924
402761,-0.27354274840599846,-0.2417331461561097,-0.8399086275483534,-0.66679323225537,-0.4328339180048887,-0.3785956481137656,-0.3377087794701603,-0.7801247445716707,-0.7804950862704666,-0.19154013734689246
424619,-0.2901761305498377,-1.1615990865285364,-1.063424065581649,-0.9193866132512544,-0.6360951512319244,-0.1495280865065342,-0.8098467953710443,-1.2215783703187841,-1.2221582793807952,-0.19202924426115675
450244,-0.03235213418362168,-0.0238512837904632,-0.29015658355972984,-0.3462778249335415,-0.494520711538525,-0.2290351343448115,-0.315925319137555,-0.036438397005675256,-0.0364556950826076,-0.19514775806905033
387342,-0.4056527652753071,-0.3950275319000612,-0.8363059494962909,-0.5129672014673903,-0.41391319311303154,-0.1868576150647502,-0.2271503499637096,-0.8079263873246894,-0.8083099270506958,-0.21198638013998505
59023,-0.03940176777849678,0.275584347451507,-0.6587025296948862,-0.5131897507017478,-0.6395224374405739,-0.4908266333245035,-0.316593330757993,-0.4651609972735375,-0.4653818190269078,-0.21811643441010486
17187,0.4217149526147336,-0.3479542900309392,-0.5756579070722063,-0.5972243415951801,-0.5736352471078111,-0.2755758452745336,-0.3904398341383648,0.1513898052768093,0.151461673215952,-0.2197420017105233
398957,-0.4765681826949352,0.4819992677237449,-0.9131930784508291,-0.6111114138190964,-0.5493958756892672,-0.6619607058056722,-0.141443183071185,-1.055231874513222,-1.05573281537909,-0.22098131558045236
166489,0.2623907272212314,1.2221301061785368,-0.6416639883322974,-0.3023020962244786,-0.6380437970157142,-0.7606173169952405,-0.2946778845244178,-0.11728344722982227,-0.1173391241601977,-0.2250084027242395
366707,0.1476902587056596,-0.540361807537467,-0.9083076506860779,-0.6458736042257546,-0.5947370485954848,-0.2241871436229654,-0.3710743367299004,-0.45009037999977,-0.450304047412707,-0.22631601514403327
49519,0.5193528382131553,0.3971379186779958,-0.3496410490590273,0.0584947225160758,-0.4272383346581223,-0.1131681560926893,-0.2929637980511369,0.6639579062845132,0.6642731011307905,-0.2303711129471269
473848,1.257371491728833,1.7320952077227862,-0.651350115336927,-0.0278988902615471,-0.8197716041064829,-0.787523665501486,-0.3128430922116229,0.7407998237953157,0.7411514971233585,-0.23863751287747315
481219,0.5103646437062502,-0.1151285413576359,-0.9214379477030319,0.0074419281544414,-0.7839061241914067,-0.3589612856902889,-0.1874029284916188,-0.20772993910419213,-0.2078285528952222,-0.24681237227099906
307647,-1.8819771414927355,-1.3702954401104088,1.0803080206701818,0.2591451122128962,1.5985855376870501,0.8479460045133083,-0.3269335363657516,1.798895405019835,1.7997493786758263,-0.2504947470388346
503455,1.04011331695278,0.9172549003205795,-0.5538233092414889,-0.3663517658725997,-0.8311005262613967,-0.6743230821463796,-0.3655789432616195,0.670308226869629,0.6706264363472582,-0.25377968635493364
60951,-0.3773168964313798,0.5907807974526211,-0.6911474197850627,-0.6389300681137975,-0.47294863693877753,-0.7300749754476096,-0.363803996890536,-0.4976874000791184,-0.4979236628031213,-0.2609313882690254
476309,-0.5535151475855412,-0.1804233619312275,-0.6092484776605118,-0.1481644965083995,-0.34573416108469585,0.0039108198398956,-0.1741857647990727,-0.45340226968291647,-0.45361750931986,-0.2637738791619581
264166,0.8617608678624068,-0.2176934143825255,-0.5684118397325021,-0.4573298928779882,-0.6643127241935018,-0.226368739447797,-0.3815528586114804,0.6867613302037925,0.687087350317197,-0.2644312565668474
358461,-0.24414886558220722,-0.5537415670782562,-1.0871688265236976,-0.3517970459456113,-0.6428434922413334,-0.1948567997557966,-0.0335517451291938,-0.9086123913386956,-0.9090437288381108,-0.26638719825213564
214219,1.6581888886289788,0.4728735344852048,-0.21652653735814775,-0.2765754047327382,-0.8381551222454127,-0.4018660035786256,-0.3834560281922445,1.7329234740608275,1.7337461294473315,-0.28235406125885226
493538,0.5193528382131553,-0.0088376593467029,-0.5688601935807482,-0.4631606828181573,-0.4928600601439845,-0.324298152029089,-0.3792505237080139,0.5873210828595936,0.5875998965866012,-0.28242212459279276
186125,0.3970261383350873,0.1937914763942611,-1.1101846472929227,-0.4993026784778334,-0.7592543633174317,-0.4447707214669649,-0.3346699686020655,-0.2860075152161751,-0.2861432890264415,-0.296601339264773
222236,0.47794621615236565,1.7011414378841925,-0.4852759342779021,-0.2929550283814594,-0.5981854297027953,-0.9734441096842866,-0.3494540045272271,0.5946285091788297,0.594910791895503,-0.3000359142517904
471990,1.177409140335217,1.3698354784434246,-0.5038727522333372,0.0689100266840105,-0.7330159623632923,-0.550456919203211,-0.3216016278430542,1.14855725083959,1.1491024952333877,-0.30200920627525063
107181,0.3082513198679449,0.4429658366881441,-0.5274493005543827,-0.1964131705171276,-0.5258017690357049,-0.3250253506373655,-0.3255795697263784,0.4861337377467624,0.4863645157031493,-0.30778337186722626
441414,-0.43230172637483183,-0.9319812921159412,-0.8574563143183244,-0.8450106591289416,-0.4452144567199632,-0.1980079937249969,-0.4496732147784627,-0.4933652321210671,-0.4935994430206212,-0.31040181632301306
347855,0.5335373891081678,0.3946472709600502,-0.2616004726839886,-0.6362594773015066,-0.5565568387808739,-0.6367511540520726,-0.4160257616232122,0.9862290799018825,0.9866972636832512,-0.3177122505646443
469521,1.4548324776483637,1.3245156525677324,-0.32990027907970976,-0.1149601507422432,-0.832708308713216,-0.6626879044139485,-0.3622197889910194,1.607755313054204,1.6085185484701137,-0.32888285579969156
34672,0.5851307741867015,0.2525408747650991,-0.6063503292268415,-0.026697124396016,-0.5214052709277018,-0.3112085770801036,-0.3165000612702429,0.8020773790107807,0.8024581420889622,-0.33617555124465565
235078,0.7800706798105213,0.3708267161856447,-0.25646194930317423,0.2891892588511734,-0.6523909982196904,-0.3744748560001966,-0.298544907973193,1.2663192365226636,1.2669203850191508,-0.34877537605875175
276526,0.3352702474601079,-0.0039460272286634,-0.9506765348025196,-0.5428333087181816,-0.7973605244180192,-0.3907156249183804,-0.3703532673549161,0.00426898100345787,0.0042710075789356,-0.35425894819097214
49831,-0.15574833460400211,-0.4613285741517015,-0.508773160455472,-1.268432832417728,-0.752135576380691,-0.7400133564273942,-0.5553202698867465,0.01731904172741583,0.0173272634424421,-0.35849402829189525
157115,-0.1760043217538805,-0.4301655899048007,-0.9849913140004775,-0.6842856020758763,-0.7294817558406853,-0.3015125956364111,-0.3863139136187009,-0.4482673214585884,-0.4484801234271182,-0.36055251753411377
319404,1.471360501867183,2.445725554458666,-0.33671838123429704,0.1390575453535337,-0.7352532309226425,-0.9763529041173944,-0.3417747489523123,1.8553494511784239,1.856230224762893,-0.36399014036704513
408541,-0.24088441297995725,-0.2469435811820472,-0.8228532778119945,-0.5932184553767428,-0.5539652745999264,-0.3165413668741343,-0.3810975424391389,-0.040251627787646675,-0.0402707360857975,-0.3943628344010579
541811,0.5528585438080807,2.9183409028246428,-0.7136487985916453,0.0437619632016024,-0.8437980564630659,-1.2762011302635785,-0.2891939330886506,0.5847308205156648,0.5850084045904104,-0.39732978294057386
304648,-0.6331078650863436,-0.7922758803210862,-0.891358702073313,-0.7629345014978565,-0.4320284502752733,-0.1967959960445349,-0.4200848811517353,-0.3488954388096838,-0.3490610668459818,-0.40189989465631154
11275,-0.033153066518800796,-0.0209222820741622,-0.892083925629819,-0.4651191160805045,-0.539876757283526,-0.3196925608433347,-0.3603538093882127,0.15753503177604214,0.1576098169840409,-0.40566219530204695
227064,0.19994711385695046,-0.0060780216752227,-0.37227021820845985,-0.4646740176117897,-0.4703461949698931,-0.3259949487817342,-0.3909205686082903,0.9862290799018825,0.9866972636832512,-0.40722459480582124
279785,0.21045919607810404,0.226747726998082,-0.635683356678138,-0.4163363239093166,-0.6005877412883432,-0.4025932021869041,-0.3738863469635517,0.665355584499419,0.6656714428530752,-0.4227918715969491
371522,-0.41800559370214274,1.2018861215270964,-0.7210996334505497,-0.7111250397394027,-0.4395859134016129,-1.0633743375745306,-0.416493394695638,0.14141615584109524,0.1414832890781266,-0.4300268240988501
16615,-0.2957028836974399,-0.2580518700040716,-0.9280321697196716,-0.8292541733364232,-0.640130232369556,-0.4954322245102573,-0.4436754073484957,-0.13404798973143764,-0.1341116251443415,-0.43245432401380746
226500,0.3973400929145414,0.1800032506277275,-0.7769354012425298,-0.5678923525068467,-0.5798688485635765,-0.4898570351801336,-0.4019935847101362,0.7713816308236363,0.7717478219816106,-0.43271144692880026
406293,1.4146941487250908,2.394497912196016,-0.4703745059208765,0.1129302652399491,-0.9213095522621549,-0.9809584953031488,-0.344544678056865,1.8553494511784239,1.856230224762893,-0.4580848401590911
145489,-0.36301567663052503,-0.2167967812040656,-0.6202756816363574,-0.5358897726062244,-0.3744954585596413,-0.285514226254319,-0.3956293881097452,0.7210576190097705,0.7213999202960865,-0.5197111089590736
93649,-0.517754432162902,-0.4427682673575904,-0.8537439639233104,-0.6493008624348617,-0.574233759257278,-0.2721822517692424,-0.4019840028091099,0.13592419198578579,0.1359887180715403,-0.520414086832319
228656,1.129168784181547,2.459962096814427,-0.60085993865976,0.5509961781494636,-0.8084657678541463,-0.6854734608066271,-0.2973727253046536,1.8397395124195568,1.8406128756362887,-0.529974108687979
437672,0.37273799860837703,0.0786538136891955,-0.47802248533881586,-0.3306103588347658,-0.4985412433885407,-0.2641830670781966,-0.3863492961679141,1.5739907496560706,1.5747379563203543,-0.5444541199437625
101919,-0.09985997585486561,-0.019407968261654,-0.8273106066166932,-0.7224750506916435,-0.4189543914873399,-0.521853773944317,-0.4289328397666718,1.0281974067353328,1.02868551376816,-0.5935805951735579
451180,-0.26931258277576237,-0.2899620485663599,-0.9343099429446171,-0.6840185429946494,-0.5269612751190957,-0.3681724680617959,-0.4195088092313131,0.670308226869629,0.6706264363472582,-0.600223006927276
185569,0.2850808906500134,-0.8233691264318848,-0.5447180614821278,-0.7149973964172266,-0.33309287166528123,-0.1463768925373346,-0.4324584529861881,1.8908231319589148,1.8917207456491416,-0.6208882936140776
270830,0.31365470091658587,-0.1057338181655542,-0.6160438070982891,-0.6476539981006139,-0.6929732876046534,-0.4227123636825644,-0.4231758947836926,1.5639943119885917,1.564736773132709,-0.6398391764437371
499620,-0.10791768884055561,-0.6535966153860242,-1.0681715694119842,-0.5123440636111891,-0.7592988430329207,-0.2712126536248731,-0.3937803458550235,0.8020773790107807,0.8024581420889622,-0.6843663700740603
316261,0.51651145823807,2.032825975778089,-0.41705990534812126,0.2451245104483655,-0.6256078092593909,-0.7126222088489644,-0.3450311558802468,2.3136815605859766,2.314779914106465,-0.7099594542388548
151073,-0.3621007756284367,-0.4916845885379909,-0.890386531838952,-0.8170139654467546,-0.6505302843264736,-0.3768988513611192,-0.4426632006235708,1.1833244964353733,1.1838862455752206,-0.771585522057309
230579,-0.40068172062818436,0.0765118566517648,-0.7770208549944311,-0.0813552163542445,-0.6678099584724023,-0.2731518499136117,-0.3462536666943414,1.2509523722359541,1.2515462257572918,-0.7741162265827429
223909,-0.5380558274122016,-0.5257367241377057,-0.985911508007198,-0.9054550311804688,-0.46912246852361633,-0.4278027539405034,-0.4544854470609031,1.2068343555393604,1.2074072653060428,-0.7999810398705941
462928,0.2977808783706297,-0.6945528264598791,-0.8566176597599295,-1.1029007119025385,-0.8120626511842031,-0.5002802152321042,-0.4733704800822703,1.8633936969913873,1.8642782893493035,-0.8085732823912225
352435,0.8424297221925264,1.4030009434555517,-0.7000650412400251,-0.0861622798163695,-0.836157857363274,-0.6774742761155799,-0.3804126297947793,2.5779490882847527,2.5791728951841084,-0.8179355661738814
422317,-0.6399745986966872,-0.3372644300255294,-1.1253748134519956,-0.8440759523446405,-0.5471924495347461,-0.4651322824987183,-0.4462007783471892,1.3852358259484854,1.3858934266624536,-0.9244444219079786
23774,-0.259109104501379,-0.6133178604914512,-0.8023807265611926,-0.3971970897545635,-0.5445000078915858,-0.2035831830551199,-0.4079206802585167,2.648995198850049,2.6502527328391587,-1.0637462594510516
97814,-0.8075782171939814,-0.1161447256265562,-0.8889406749898219,-0.6993299303184531,-0.48442084043567146,-0.4544667029106559,-0.4333068725716598,2.5779490882847527,2.5791728951841084,-1.1897222052260568
184,,0.917324638456683,,-0.1345889932125856,,-0.4973714207989949,-0.2153261152590478,-0.2818220766487125,-0.2819558635428605,
216,,1.7489419488869529,,-0.3282958467974458,,-1.020469619686193,-0.2735860564449273,-0.3137331971966446,-0.3138821329739378,
2544,,0.0266789771111633,,-0.0884322820068161,,-0.2569110809954272,-0.3194441463534723,0.6867613302037925,0.687087350317197,
2973,,1.3620845827451862,,-0.0936399340907844,,-0.6655966988470562,2.18769862983525,-1.2063482354226631,-1.2069209144178554,
4105,,-0.7347518806274762,,4.595427923977152,,3.866305027934715,1.4000556605618062,-0.3158980792142977,-0.3160480427068246,
4347,,0.1501752535576457,,-0.3929241444548962,,-0.3415085190916422,-0.3035936772685129,-0.25721838242001643,-0.257340489420685,
4961,,0.388440576846936,,-1.480878331535501,,-1.2723227376861008,-0.5457735843466198,0.846423278025022,0.8468250930384098,
5354,,1.9357704155052884,,-0.0525573454283678,,-0.9004818493205027,-0.209290724638433,-0.19142116123787214,-0.1915120329074757,
6393,,-0.3689554315886353,,-0.5965121840452364,,-0.2636982680060115,-0.2517158202794645,-0.8900020020641339,-0.8904245048185584,
6396,,-1.4744045147204232,1.6767315772068325,-0.2346026191328939,1.7919464828132388,0.5175554368194937,-0.2369850086492025,-0.33665815835200263,-0.336817977092717,
6823,,0.3503237041715384,,-0.2585489167497732,,-0.3315701381118572,0.0333781457187525,-0.898205765499451,-0.898632162753708,
7002,,0.4251228364368006,,-0.2501810655379265,,-0.3609004819790264,-0.1003008200651045,-0.7340621320978168,-0.7344106069012561,
7544,,-1.3136381858226431,,0.7611716750767881,,1.197486135558414,-0.1764022665777898,0.6867613302037925,0.687087350317197,
8240,,-0.5400230794478259,,-0.5906368842581958,,-0.1834640215594581,-0.4052859150214865,0.7514647162612278,0.751821452439053,
8528,,0.4912345894618773,,-0.7840766787618282,,-1.0018048554070869,-0.4185285035036946,-0.6735669728396089,-0.673886729312801,
9880,,1.4086298072981027,,-0.0964440544436908,,-0.6891094538480097,0.0558319547530602,-0.8079263873246894,-0.8083099270506958,
10522,,-0.4355553515664293,,-0.4613802889432971,,-0.1328025185161656,-0.3367278172378384,-0.1493920657863824,-0.1494629853563805,
10823,,0.7782667950684914,,-0.3341266367376169,,-0.5848776533283178,-0.4018030062836006,2.5779490882847527,2.5791728951841084,
10928,,-0.5933727535661645,,-0.6153843591187617,,-0.1754648368684117,0.406229592338973,-1.214650747862294,-1.2152273682355577,
11165,,-0.9610620948706428,,-0.9336297642501415,,-0.2523054898096729,-0.7283835119936677,-1.1821319411339681,-1.1826931241426175,
11380,,-0.2934190675988615,,-0.4296447681239015,,-0.1701320470743813,-0.3444656181276607,0.04504472370788531,0.0450661073899385,
